Topic,Top Terms
Topic 00,network,lycos,nba,products,identifiable,turner,receive,name,wnba,member,securerights,registration,www,content,store,addition,process,regarding,online,opt,policies,org,collection,number,page,http,questions,collected,register,terms,telephone,companies,ning,postal,members,offers,applicable,operated,ask,advertising,interest,membership,inquiry,inc,request,visit,password,make,includes,required,partners,user,send,connection,promotions,part,described,accordance,disclose,able,sweepstakes,choose,providers,collects,complete,feel,wish,purposes,collectively,order,practices,concerns,mailing,individual,based,truste,complaint,websites,see,creative,preferences,commons,share,co,resolve,sponsor,area,further,instructions,platform,shared,activities,promotion,note,behalf,offer,visiting,form,limitation,family
Topic 01,truste,security,safe,harbor,practices,protect,regarding,inc,secure,internet,collected,department,collection,online,program,compliance,measures,unauthorized,trust,www,questions,intrawest,commission,websites,appropriate,protection,employees,user,http,take,unilever,physical,commerce,european,electronic,using,procedures,complaint,statement,company,computer,loss,complaints,policies,principles,reasonable,identifiable,protecting,business,independent,children,browser,visit,tumblr,seal,ensure,organizations,control,framework,concerns,customers,disclosure,misuse,union,mozilla,canada,place,requirements,identifying,maintain,safeguards,gov,opendns,covers,committed,choice,limited,mission,dispute,alteration,set,org,companies,consumers,credit,safeharbor,resolution,reviewed,process,transmission,number,card,canadian,forth,leading,keep,individuals,globally,help,eu
Topic 02,browser,cookie,user,computer,visit,meebo,preferences,store,device,online,identifiable,websites,stored,order,session,settings,set,text,accept,products,drive,receive,opt,identify,flash,experience,help,sent,choose,fox,allow,automatically,name,pages,content,technologies,based,collected,features,send,location,enable,file,example,track,purposes,able,im,internet,unique,marketing,mobile,persistent,type,search,browsers,history,messages,page,message,learn,related,request,manage,technology,make,include,age,files,uses,wireless,refuse,check,change,using,activity,registration,number,remember,disable,see,ip,specific,product,date,servers,similar,receiving,future,activities,realnetworks,feature,username,tracking,read,connection,anonymous,communications,www,registered
Topic 03,websites,group,name,share,content,companies,identifiable,available,user,collected,submit,post,online,make,member,order,products,meebo,music,policies,applies,philips,example,social,links,practices,others,customer,solutions,owned,collectively,bt,choose,forums,learn,collection,features,processing,purposes,apply,publicly,sage,proquest,disclose,regarding,network,company,pages,profile,areas,responsible,operated,accounts,described,terms,perform,entertainment,chat,include,person,general,yahoo,networks,subsidiaries,inc,connection,control,note,posting,applications,providers,facebook,community,payment,disclosure,management,governed,describes,functions,message,businesses,comments,number,using,search,business,participate,advertising,check,activities,related,offered,friends,offer,pbs,voluntarily,card,allow,boards,commercial
Topic 04,security,content,software,unauthorized,protect,responsible,practices,terms,bt,abbott,policies,internet,websites,user,links,pii,measures,changes,linked,secure,credit,password,business,link,products,control,example,card,using,collected,provider,transmission,share,guarantee,result,ensure,transmit,appropriate,sensitive,store,customers,reasonable,believe,change,providers,risk,order,notice,computer,available,guaranteed,social,number,numbers,identifiable,purposes,transmitted,physical,add,disclosure,agree,subject,others,details,online,help,customer,make,applicable,check,prevent,misuse,payment,communications,responsibility,choose,safeguard,convenience,liability,consent,warrant,agreement,reason,keep,loss,integrity,notify,realnetworks,page,contain,servers,endorsement,posted,take,post,dropbox,specific,alteration,maintain,name
Topic 05,monitor,business,securerights,campaign,individual,user,subject,software,page,terms,products,number,system,identifiable,name,network,purposes,request,limited,financial,required,order,share,protect,security,disclose,servers,computer,law,purpose,eff,intrawest,customer,profile,available,product,cc,provider,consent,calls,confidential,sell,partners,online,marketing,content,requested,employees,collected,license,using,activities,members,internet,example,telephone,obligations,identity,change,part,post,lists,displaying,disclosure,circumstances,businesses,course,secure,nba,link,promote,phone,make,domain,applicable,control,commons,assets,creative,alexa,legal,behalf,policies,upload,necessary,appropriate,aggregate,process,technical,government,log,protection,opendns,ensure,transferred,non,browser,bt,remains,receive
Topic 06,children,age,child,identifiable,knowingly,online,delete,security,meebo,collected,act,protection,album,using,consent,protect,websites,parent,law,info,guardian,parents,unauthorized,request,intended,attempts,purposes,surveymonkey,years,individuals,records,network,change,upload,coppa,general,aware,system,computer,identify,take,band,survey,secure,ensure,comply,appropriate,directed,store,available,usage,deleted,collecting,abuse,described,become,reasonable,support,uses,collection,provides,cause,monitoring,internet,believe,disclose,regarding,permission,dropbox,audience,encourage,requirements,visitors,allow,maintain,disclosure,customer,line,changes,share,activity,national,see,details,prohibited,submitted,questions,terms,ning,products,notice,committed,strictly,learn,traffic,transmission,purpose,record,required,content
Topic 07,name,identifiable,copyright,user,proquest,dropbox,send,password,update,choose,activities,collected,content,philips,others,delete,review,customer,online,required,card,credit,request,companies,authorized,registration,share,submit,purposes,law,process,correct,member,number,product,disclose,take,rights,comments,ask,notice,using,include,necessary,products,terms,act,aware,security,membership,forums,records,available,posting,agent,profile,make,areas,action,eff,purpose,boards,center,inc,owner,marketing,appropriate,regarding,business,henkel,complete,unsolicited,community,deleted,internet,note,free,additional,responsible,current,nytimes,questions,remove,messages,participate,good,faith,select,secure,telephone,manner,support,requests,communicate,company,remember,subject,websites,changes,includes
Topic 08,lycos,products,mozilla,companies,advertising,websites,online,purposes,marketing,share,network,providers,identifiable,advertisers,content,business,marriott,partners,disclose,identifying,help,advertisements,user,individual,collects,http,opt,available,product,aggregate,receive,collected,purpose,interest,company,name,realnetworks,www,uses,policies,customer,process,sell,non,inc,links,number,practices,behalf,anonymous,rent,based,yahoo,visit,regarding,communications,offers,visitors,click,described,send,affiliates,improve,control,using,make,customers,technologies,features,gifs,related,clear,community,wish,ads,usage,analytics,offer,part,analysis,identify,lists,list,merchants,example,reports,beacons,member,customized,html,channel,others,market,contractors,org,people,understand,internal,direct,request
Topic 09,advertising,browser,advertisements,visit,websites,internet,ads,non,pages,content,ip,ad,using,number,based,companies,computer,example,identifiable,beacons,help,page,network,usage,technologies,cookie,collected,toolbar,opt,online,name,allow,visits,visitors,type,interest,order,pii,advertisers,see,google,purposes,improve,automatically,identify,track,click,products,search,providers,serve,relevant,visited,anonymous,experience,features,aggregate,analytics,user,tracking,deliver,interests,include,share,receive,operating,types,server,pixel,provider,domain,system,networks,partners,card,addresses,view,measure,servers,store,tags,serving,unique,times,doubleclick,make,credit,choose,preferences,technology,browsing,analyze,protocol,related,uses,password,yahoo,place,traffic,company
Topic 10,pii,promotion,co,share,branded,promotions,partner,connection,sweepstakes,rules,providers,partners,disclose,law,collected,business,purposes,contests,commerce,required,content,openid,websites,name,applicable,offer,commons,creative,surveys,participate,purpose,user,marketing,order,responsible,control,review,make,online,transaction,additional,technical,behalf,using,notify,extent,example,sponsors,contain,features,carefully,terms,identifiable,fbi,necessary,shared,visitors,live,opt,enter,sponsored,sponsor,message,non,specific,security,contest,available,disclosed,areas,links,advertisers,nation,feature,agencies,consent,obtain,pages,programs,vendors,include,products,submit,identify,accordance,system,offers,voluntarily,practices,transfer,entities,wish,groupon,screen,government,conflict,statistics,transactions,offered,choose
Topic 11,game,websites,receive,zynga,messages,mobile,notifications,sns,content,products,relevant,games,play,store,phone,sms,allow,page,settings,user,links,device,send,carrier,manage,choose,message,contain,policies,practices,companies,marketing,number,receiving,friends,example,based,collected,pixel,local,consent,options,html,purposes,wireless,set,providers,tags,visit,order,log,share,network,text,advertisements,applications,determine,visiting,updates,sent,provider,responsible,described,realnetworks,apply,opt,available,questions,names,control,using,collection,find,files,social,advertising,terms,advertisers,telephone,associated,experience,offer,help,link,profile,able,read,people,ltd,stop,accordance,identify,promotional,purpose,technologies,see,list,beacons,search,similar
Topic 12,state,york,marriott,number,department,card,times,credit,health,farm,rewards,name,collected,online,carlton,ritz,identifiable,purposes,order,send,law,companies,request,friend,program,products,store,visit,share,company,receive,social,marketing,en,payment,internet,insurance,password,required,stored,transaction,phone,include,telephone,disclosure,session,security,www,history,family,regarding,customer,federal,nytimes,person,process,message,complete,user,transactions,collection,city,make,automatically,numbers,authorized,form,cases,records,gov,date,mobile,join,ask,zip,purpose,choose,browser,processing,enter,referral,cookie,united,device,opendns,delivery,record,drive,states,application,retention,permitted,billing,financial,opt,protection,details,events,disclose,registration
Topic 13,terms,practices,changes,online,policies,law,content,make,disclose,channel,forums,abbott,websites,available,subject,agreement,hyundai,notice,posted,responsible,statement,act,legal,links,rights,business,review,change,apply,collected,others,conditions,products,protect,applicable,identifiable,nrc,media,pii,post,posting,user,chat,disclosure,laws,aware,submit,read,required,alexa,encourage,choose,control,accessible,necessary,submitted,order,state,request,send,records,areas,check,discussion,federal,social,program,specific,part,regarding,accordance,link,department,share,page,comply,using,court,wood,publicly,hanley,boards,community,believe,message,process,protection,collection,note,requests,communications,include,additional,offer,release,questions,rules,security,agency,governmental
Topic 14,request,purposes,user,marketing,mtv,media,law,wireless,unilever,response,send,individual,legal,california,inc,collected,receive,required,products,number,disclose,consent,message,identifiable,purpose,order,intrawest,share,telephone,process,bell,regarding,specific,necessary,respond,questions,sending,mobile,fulfill,example,make,reasonable,requests,disclosure,choose,messages,customers,business,text,plimus,name,identified,pii,designated,requested,court,rodale,rights,subpoena,device,code,appropriate,product,customer,opt,person,confirmation,manner,compliance,retain,collection,ask,comply,limited,registration,promotional,notice,maintain,identify,include,companies,transactions,disclosed,available,allow,wish,register,sent,days,foundation,comments,phone,online,related,applicable,help,behalf,ca,providers,offer
Topic 15,state,farm,health,internet,en,company,insurance,life,see,customer,browser,user,flash,individual,provider,policies,products,agent,advice,law,sage,sharing,pages,purposes,care,security,support,partner,content,providers,using,online,co,companies,business,websites,choose,computer,logs,collected,connection,request,product,help,make,available,person,disclosure,tumblr,identify,limit,order,share,option,appropriate,read,protect,regarding,disclose,inc,store,systems,particular,additional,act,means,www,visit,accuracy,receive,http,files,management,identified,intended,consult,collection,identifiable,social,local,technologies,behalf,transactions,google,guaranteed,section,example,identifying,addition,subject,preferences,review,enforcement,delete,questions,registration,require,reveal,stored,opt
Topic 16,survey,surveymonkey,browser,responses,device,ip,creator,content,addresses,surveys,websites,beacons,questions,using,page,purposes,log,visitors,files,cookie,computer,user,example,gifs,usage,store,clear,consent,record,creators,pages,tags,features,servers,session,visit,create,receive,pixel,number,respondents,tracking,see,automatically,technologies,send,choose,known,mobile,opt,facebook,help,ning,system,click,based,improve,type,location,understand,take,identify,messages,preferences,share,set,allow,visitor,collected,make,feature,details,additional,link,similar,types,identifiable,interact,track,include,application,disable,prevent,providers,specific,platform,name,internet,opened,linked,described,sent,statistics,ask,advertising,private,register,agree,uses,activities
Topic 17,business,consent,changes,transfer,companies,terms,collected,disclose,identifiable,law,sale,affiliates,policies,assets,change,ning,required,notice,merger,network,using,share,disclosure,rights,collection,legal,company,event,corporate,part,property,websites,united,control,practices,prior,intrawest,purposes,effective,applicable,agree,states,protect,protection,posting,customers,read,content,acquisition,user,advertisers,lycos,necessary,connection,subject,laws,aware,transferred,set,platform,regarding,providers,links,notify,hill,comply,mcgraw,statement,circumstances,make,parent,become,country,update,responsible,transaction,spe,process,ownership,limited,forth,subsidiaries,partners,products,believe,note,described,manner,linden,bankruptcy,enforce,order,processed,review,commission,networks,accordance,sharing,revised,see
Topic 18,profile,facebook,opt,zynga,network,content,marketing,allow,social,receive,number,name,friends,page,registration,purposes,games,offers,mobile,communications,photo,user,offer,settings,share,customer,application,game,sns,products,connect,applications,able,networking,sign,groupon,collected,preferences,members,order,send,nba,store,purchase,process,create,make,google,using,link,feature,include,identifiable,device,choose,example,online,receiving,product,consent,phone,see,connection,media,instructions,manage,updates,wish,contacts,update,addresses,available,telephone,proquest,form,business,register,promotional,described,credit,subscription,request,toolbar,changes,features,obtain,change,want,twitter,sharing,messages,improve,follow,opportunity,affiliates,accounts,part,addition,spe,location
Topic 19,law,protect,required,purposes,legal,order,necessary,disclose,processing,terms,rights,take,request,safety,consent,applicable,dropbox,fraud,property,states,united,security,companies,prevent,purpose,example,process,believe,comply,pii,disclosure,permitted,products,share,reasonable,payment,enforcement,appropriate,enforce,business,faith,good,others,laws,collected,ensure,details,providers,protection,using,loss,proquest,respond,investigate,zynga,damages,steps,communications,agree,requests,note,behalf,person,make,regarding,agreements,belief,response,receive,connection,identifiable,remove,extent,marketing,promotions,customer,storage,subpoena,defend,maintain,cases,liable,action,disclosed,keep,court,illegal,credit,america,secure,accordance,obtain,relating,wish,content,hold,activities,support,assist,stored
Topic 20,opt,receiving,communications,unsubscribe,receive,promotional,marketing,instructions,preferences,changes,newsletter,flash,change,fox,set,newsletters,link,proquest,bottom,longer,send,wish,opting,http,page,future,note,emails,www,consent,settings,user,technologies,using,mails,products,update,located,choose,manage,delete,see,browser,options,want,tracking,click,offers,online,request,opportunity,section,clicking,websites,communication,messages,united,linden,states,available,mozilla,stored,related,profile,visit,accept,providers,further,lab,remove,notify,mechanism,billing,registration,means,follow,modify,collected,option,purposes,able,org,help,allow,registered,behalf,business,databases,details,identifiable,connection,communicate,contained,features,described,name,take,event,respect,based
Topic 21,opt,changes,share,pii,marketing,change,artists,communications,purposes,products,receive,request,consent,page,copyrighted,make,agree,notice,terms,disclose,section,unilever,live,nation,companies,want,notify,modify,law,sharing,interest,ticketmaster,inc,providers,required,available,see,claim,works,purpose,questions,individual,wish,shared,future,acceptance,agreement,send,company,preferences,updated,bound,commission,representatives,websites,decide,know,review,receiving,events,reserves,regarding,artist,promotions,rodale,connection,event,update,date,collection,telephone,described,disclosure,posting,ask,promotional,consented,believe,subject,contacting,practices,carefully,disclosed,click,revised,continued,details,effective,fulfill,conditions,work,top,mcafee,collected,identifiable,posted,online,list,vendors,related
Topic 22,receive,request,products,opt,send,marketing,messages,business,communications,promotional,order,emails,receiving,wish,related,unsubscribe,process,help,offers,product,days,sending,companies,instructions,include,interest,allow,share,mailing,message,support,ritz,carlton,preferences,goods,update,marriott,purposes,friend,note,blizzard,identify,promotions,regarding,longer,user,sage,customer,tumblr,required,meebo,requests,example,unit,online,telephone,name,emailing,registration,newsletters,remove,correct,lists,associated,features,law,removed,relating,necessary,identifiable,future,affiliated,company,uses,choose,believe,delete,list,rewards,providers,partners,opportunity,tell,functions,registered,transactional,mails,records,keep,number,offer,purpose,prefer,reserve,group,require,continue,make,postal,identifying
Topic 23,lepage,royal,proquest,content,consent,purposes,owner,changes,user,authorized,share,disclose,marketing,products,make,posting,disclosure,notice,receive,change,collected,shared,uses,available,ensure,accurate,fox,password,act,opt,request,keep,law,given,identifiable,using,posted,permission,requested,required,described,details,limited,companies,research,registered,clients,made,order,responsible,behalf,necessary,exclusive,copyright,document,disclosed,media,suppliers,specific,non,policies,current,collection,world,identified,keeping,confidential,post,materials,update,express,see,wide,page,set,obtain,registration,procedures,treat,rights,means,individual,internet,respect,www,copies,circumstances,subject,state,accordance,officer,websites,sharing,end,prohibited,employees,harpercollins,manner,publicly,features
Topic 24,child,security,protect,identifiable,lycos,network,browser,files,user,dropbox,encryption,fox,secure,children,computer,delete,internet,ssl,parent,using,flash,collected,rights,law,online,help,legal,content,servers,necessary,name,registration,request,see,state,collection,systems,identify,guardian,standard,industry,section,store,media,software,page,number,good,profile,encrypted,measures,make,take,age,parents,technology,faith,form,generally,others,person,submit,credit,edit,order,log,directed,addition,sensitive,card,protected,prevent,stored,steps,property,submitted,activities,customer,password,ensure,unauthorized,believe,enforcement,uses,disclose,file,example,feature,eff,upload,comply,appropriate,technical,safety,allow,aware,reasonably,settings,tracking,reasonable
Topic 25,ip,addresses,aggregate,non,pii,visitors,products,purposes,user,number,media,identifying,automatically,request,internet,bell,usage,tumblr,visit,name,system,identifiable,servers,computer,form,purpose,page,collected,share,described,make,protocol,browser,identify,server,statistics,content,combine,log,demographic,telephone,available,regarding,financial,understand,example,questions,type,send,using,collects,addition,related,visitor,business,advertisers,combined,specific,include,websites,order,track,accessed,product,numbers,record,sources,marketing,customer,submit,disclose,concerns,pages,link,online,additional,types,shared,names,trends,management,files,credit,visited,subscription,inquiry,logs,premium,receive,purchase,database,research,transactions,date,choose,requested,life,customers,resources,course
Topic 26,credit,number,card,products,customer,purchase,product,order,payment,support,name,flash,help,example,share,browser,processing,user,providers,see,using,purposes,online,tracking,technologies,purpose,process,request,billing,company,fraud,identifiable,requests,mcafee,receive,transaction,registration,opt,choose,content,fulfill,orders,business,collected,required,computer,customers,send,necessary,plimus,sage,allow,phone,internet,prevent,improve,feature,vendors,google,respond,related,store,reporting,financial,functions,domain,management,technical,shipping,fulfilling,addition,make,behalf,legal,removing,manage,date,sign,technology,include,section,live,cookie,client,additional,submit,purchases,limited,available,inc,payments,message,disable,experience,activity,questions,webtrends,maintain,newsletters,transactions
Topic 27,profile,proquest,content,user,name,create,research,make,available,preferences,collected,password,allow,customized,page,receive,features,collectively,online,share,publicly,customers,post,world,url,search,toolbar,settings,telephone,others,products,choose,creating,community,http,regarding,alexa,click,accessible,register,pbs,help,able,registered,options,platform,enter,described,meebo,username,option,order,org,title,posting,update,identifiable,media,shared,interactive,based,limited,section,link,associated,improve,gender,manage,websites,see,sharing,operators,sign,visit,pii,example,details,numbers,follow,browser,enable,number,connection,fox,identify,questions,select,offer,bell,delete,caution,interest,customer,additional,disclose,include,purposes,note,displayed,exercise
Topic 28,security,business,premium,media,opt,receive,dropbox,bell,protect,method,storage,company,sms,transmission,assets,pii,messages,companies,send,group,proquest,event,note,subject,message,user,secure,yahoo,follow,standards,collected,credit,choose,generally,electronic,guarantee,chat,marketing,example,disclose,plimus,transferred,posted,submitted,communications,card,forums,blizzard,responsible,internet,purposes,accepted,make,acquired,policies,terms,request,respect,year,page,therefore,receiving,available,industry,date,content,set,notice,means,amount,share,sold,becomes,transfer,associated,related,entity,websites,product,using,amazon,boards,part,features,offers,wireless,identifiable,practices,cancel,products,materials,acceptable,control,exercise,promotional,number,commercially,strive,sale,addition
Topic 29,united,states,consent,laws,law,transfer,surveymonkey,located,using,country,protection,survey,servers,regulations,meebo,disclose,transferred,european,processed,jurisdiction,stored,processing,share,providers,required,countries,america,eu,name,available,identifiable,subject,websites,comments,accordance,products,part,operated,ip,union,choose,note,submit,collection,applicable,purposes,number,hosted,include,private,security,order,send,national,llc,aware,business,limited,request,give,described,responsible,user,location,behalf,store,ask,take,person,disclosure,appropriate,questions,eea,canada,process,example,understand,circumstances,responses,addresses,make,specific,agency,export,officer,walmart,relating,local,visitors,help,rules,software,acknowledge,necessary,based,collected,full,protect,claims,primarily
